mnth,cnt,yr,bulan
1,1231.9032258064517,0,Januari
2,1721.9642857142858,0,Februari
3,2065.967741935484,0,Maret
4,3162.3333333333335,0,April
5,4381.322580645161,0,Mei
6,4783.733333333334,0,Juni
7,4559.387096774193,0,Juli
8,4409.387096774193,0,Agustus
9,4247.266666666666,0,September
10,3984.2258064516127,0,Oktober
11,3405.5666666666666,0,November
12,2816.8709677419356,0,Desember
