mnth,cnt,year,bulan
1,3120.7741935483873,1,Januari
2,3556.448275862069,1,Februari
3,5318.548387096775,1,Maret
4,5807.466666666666,1,April
5,6318.225806451613,1,Mei
6,6761.0,1,Juni
7,6567.967741935484,1,Juli
8,6919.451612903225,1,Agustus
9,7285.766666666666,1,September
10,6414.225806451613,1,Oktober
11,5088.8,1,November
12,3990.7419354838707,1,Desember
